name,links
Afghanistan,https://www.dfa.ie/travel/travel-advice/a-z-list-of-countries//travel/travel-advice/a-z-list-of-countries/afghanistan/
Albania,https://www.dfa.ie/travel/travel-advice/a-z-list-of-countries//travel/travel-advice/a-z-list-of-countries/albania/
Algeria,https://www.dfa.ie/travel/travel-advice/a-z-list-of-countries//travel/travel-advice/a-z-list-of-countries/algeria/
Andorra,https://www.dfa.ie/travel/travel-advice/a-z-list-of-countries//travel/travel-advice/a-z-list-of-countries/andorra/
Angola,https://www.dfa.ie/travel/travel-advice/a-z-list-of-countries//travel/travel-advice/a-z-list-of-countries/angola/
Anguilla,https://www.dfa.ie/travel/travel-advice/a-z-list-of-countries//travel/travel-advice/a-z-list-of-countries/anguilla/
Antigua & Barbuda,https://www.dfa.ie/travel/travel-advice/a-z-list-of-countries//travel/travel-advice/a-z-list-of-countries/antigua-and-barbuda/
Argentina,https://www.dfa.ie/travel/travel-advice/a-z-list-of-countries//travel/travel-advice/a-z-list-of-countries/argentina/
Armenia,https://www.dfa.ie/travel/travel-advice/a-z-list-of-countries//travel/travel-advice/a-z-list-of-countries/armenia/
Australia,https://www.dfa.ie/travel/travel-advice/a-z-list-of-countries//travel/travel-advice/a-z-list-of-countries/australia/
Austria,https://www.dfa.ie/travel/travel-advice/a-z-list-of-countries//travel/travel-advice/a-z-list-of-countries/austria/
Azerbaijan,https://www.dfa.ie/travel/travel-advice/a-z-list-of-countries//travel/travel-advice/a-z-list-of-countries/azerbaijan/
Bahamas,https://www.dfa.ie/travel/travel-advice/a-z-list-of-countries//travel/travel-advice/a-z-list-of-countries/bahamas/
Bahrain,https://www.dfa.ie/travel/travel-advice/a-z-list-of-countries//travel/travel-advice/a-z-list-of-countries/bahrain/
Bangladesh,https://www.dfa.ie/travel/travel-advice/a-z-list-of-countries//travel/travel-advice/a-z-list-of-countries/bangladesh/
Barbados,https://www.dfa.ie/travel/travel-advice/a-z-list-of-countries//travel/travel-advice/a-z-list-of-countries/barbados/
Belarus,https://www.dfa.ie/travel/travel-advice/a-z-list-of-countries//travel/travel-advice/a-z-list-of-countries/belarus/
Belgium,https://www.dfa.ie/travel/travel-advice/a-z-list-of-countries//travel/travel-advice/a-z-list-of-countries/belgium/
Belize,https://www.dfa.ie/travel/travel-advice/a-z-list-of-countries//travel/travel-advice/a-z-list-of-countries/belize/
Benin,https://www.dfa.ie/travel/travel-advice/a-z-list-of-countries//travel/travel-advice/a-z-list-of-countries/benin/
Bermuda,https://www.dfa.ie/travel/travel-advice/a-z-list-of-countries//travel/travel-advice/a-z-list-of-countries/bermuda/
Bhutan,https://www.dfa.ie/travel/travel-advice/a-z-list-of-countries//travel/travel-advice/a-z-list-of-countries/bhutan/
Bolivia,https://www.dfa.ie/travel/travel-advice/a-z-list-of-countries//travel/travel-advice/a-z-list-of-countries/bolivia/
Bosnia & Herzegovina,https://www.dfa.ie/travel/travel-advice/a-z-list-of-countries//travel/travel-advice/a-z-list-of-countries/bosnia-and-herzegovina/
Botswana,https://www.dfa.ie/travel/travel-advice/a-z-list-of-countries//travel/travel-advice/a-z-list-of-countries/botswana/
Brazil,https://www.dfa.ie/travel/travel-advice/a-z-list-of-countries//travel/travel-advice/a-z-list-of-countries/brazil/
Brunei Darussalam,https://www.dfa.ie/travel/travel-advice/a-z-list-of-countries//travel/travel-advice/a-z-list-of-countries/brunei-darussalam/
Bulgaria,https://www.dfa.ie/travel/travel-advice/a-z-list-of-countries//travel/travel-advice/a-z-list-of-countries/bulgaria/
Burkina Faso,https://www.dfa.ie/travel/travel-advice/a-z-list-of-countries//travel/travel-advice/a-z-list-of-countries/burkina-faso/
Myanmar/Burma,https://www.dfa.ie/travel/travel-advice/a-z-list-of-countries//travel/travel-advice/a-z-list-of-countries/myanmar-burma/
Burundi,https://www.dfa.ie/travel/travel-advice/a-z-list-of-countries//travel/travel-advice/a-z-list-of-countries/burundi/
Cambodia,https://www.dfa.ie/travel/travel-advice/a-z-list-of-countries//travel/travel-advice/a-z-list-of-countries/cambodia/
Cameroon,https://www.dfa.ie/travel/travel-advice/a-z-list-of-countries//travel/travel-advice/a-z-list-of-countries/cameroon/
Canada,https://www.dfa.ie/travel/travel-advice/a-z-list-of-countries//travel/travel-advice/a-z-list-of-countries/canada/
Cape Verde,https://www.dfa.ie/travel/travel-advice/a-z-list-of-countries//travel/travel-advice/a-z-list-of-countries/cape-verde/
Cayman Islands,https://www.dfa.ie/travel/travel-advice/a-z-list-of-countries//travel/travel-advice/a-z-list-of-countries/cayman-islands/
Central African Republic,https://www.dfa.ie/travel/travel-advice/a-z-list-of-countries//travel/travel-advice/a-z-list-of-countries/central-african-republic/
Chad,https://www.dfa.ie/travel/travel-advice/a-z-list-of-countries//travel/travel-advice/a-z-list-of-countries/chad/
Chile,https://www.dfa.ie/travel/travel-advice/a-z-list-of-countries//travel/travel-advice/a-z-list-of-countries/chile/
China,https://www.dfa.ie/travel/travel-advice/a-z-list-of-countries//travel/travel-advice/a-z-list-of-countries/china/
Colombia,https://www.dfa.ie/travel/travel-advice/a-z-list-of-countries//travel/travel-advice/a-z-list-of-countries/colombia/
Comoros,https://www.dfa.ie/travel/travel-advice/a-z-list-of-countries//travel/travel-advice/a-z-list-of-countries/comoros/
Congo,https://www.dfa.ie/travel/travel-advice/a-z-list-of-countries//travel/travel-advice/a-z-list-of-countries/congo/
Costa Rica,https://www.dfa.ie/travel/travel-advice/a-z-list-of-countries//travel/travel-advice/a-z-list-of-countries/costa-rica/
Croatia,https://www.dfa.ie/travel/travel-advice/a-z-list-of-countries//travel/travel-advice/a-z-list-of-countries/croatia/
Cuba,https://www.dfa.ie/travel/travel-advice/a-z-list-of-countries//travel/travel-advice/a-z-list-of-countries/cuba/
Cyprus,https://www.dfa.ie/travel/travel-advice/a-z-list-of-countries//travel/travel-advice/a-z-list-of-countries/cyprus/
Czech Republic,https://www.dfa.ie/travel/travel-advice/a-z-list-of-countries//travel/travel-advice/a-z-list-of-countries/czech-republic/
Democratic Republic of the Congo,https://www.dfa.ie/travel/travel-advice/a-z-list-of-countries//travel/travel-advice/a-z-list-of-countries/democratic-republic-of-congo/
Denmark,https://www.dfa.ie/travel/travel-advice/a-z-list-of-countries//travel/travel-advice/a-z-list-of-countries/denmark/
Djibouti,https://www.dfa.ie/travel/travel-advice/a-z-list-of-countries//travel/travel-advice/a-z-list-of-countries/djibouti/
Dominican Republic,https://www.dfa.ie/travel/travel-advice/a-z-list-of-countries//travel/travel-advice/a-z-list-of-countries/dominican-republic/
Dominica,https://www.dfa.ie/travel/travel-advice/a-z-list-of-countries//travel/travel-advice/a-z-list-of-countries/dominica/
Ecuador,https://www.dfa.ie/travel/travel-advice/a-z-list-of-countries//travel/travel-advice/a-z-list-of-countries/ecuador/
Egypt,https://www.dfa.ie/travel/travel-advice/a-z-list-of-countries//travel/travel-advice/a-z-list-of-countries/egypt/
El Salvador,https://www.dfa.ie/travel/travel-advice/a-z-list-of-countries//travel/travel-advice/a-z-list-of-countries/el-salvador/
Equatorial Guinea,https://www.dfa.ie/travel/travel-advice/a-z-list-of-countries//travel/travel-advice/a-z-list-of-countries/equatorial-guinea/
Eritrea,https://www.dfa.ie/travel/travel-advice/a-z-list-of-countries//travel/travel-advice/a-z-list-of-countries/eritrea/
Estonia,https://www.dfa.ie/travel/travel-advice/a-z-list-of-countries//travel/travel-advice/a-z-list-of-countries/estonia/
Ethiopia,https://www.dfa.ie/travel/travel-advice/a-z-list-of-countries//travel/travel-advice/a-z-list-of-countries/ethiopia/
Fiji,https://www.dfa.ie/travel/travel-advice/a-z-list-of-countries//travel/travel-advice/a-z-list-of-countries/fiji/
Finland,https://www.dfa.ie/travel/travel-advice/a-z-list-of-countries//travel/travel-advice/a-z-list-of-countries/finland/
France,https://www.dfa.ie/travel/travel-advice/a-z-list-of-countries//travel/travel-advice/a-z-list-of-countries/france/
French Guiana,https://www.dfa.ie/travel/travel-advice/a-z-list-of-countries//travel/travel-advice/a-z-list-of-countries/french-guiana/
Gabon,https://www.dfa.ie/travel/travel-advice/a-z-list-of-countries//travel/travel-advice/a-z-list-of-countries/gabon/
Gambia,https://www.dfa.ie/travel/travel-advice/a-z-list-of-countries//travel/travel-advice/a-z-list-of-countries/gambia/
Georgia,https://www.dfa.ie/travel/travel-advice/a-z-list-of-countries//travel/travel-advice/a-z-list-of-countries/georgia/
Germany,https://www.dfa.ie/travel/travel-advice/a-z-list-of-countries//travel/travel-advice/a-z-list-of-countries/germany/
Ghana,https://www.dfa.ie/travel/travel-advice/a-z-list-of-countries//travel/travel-advice/a-z-list-of-countries/ghana/
Great Britain,https://www.dfa.ie/travel/travel-advice/a-z-list-of-countries//travel/travel-advice/a-z-list-of-countries/great-britain/
Greece,https://www.dfa.ie/travel/travel-advice/a-z-list-of-countries//travel/travel-advice/a-z-list-of-countries/greece/
Grenada,https://www.dfa.ie/travel/travel-advice/a-z-list-of-countries//travel/travel-advice/a-z-list-of-countries/grenada/
Guadeloupe,https://www.dfa.ie/travel/travel-advice/a-z-list-of-countries//travel/travel-advice/a-z-list-of-countries/guadaloupe/
Guatemala,https://www.dfa.ie/travel/travel-advice/a-z-list-of-countries//travel/travel-advice/a-z-list-of-countries/guatemala/
Guinea,https://www.dfa.ie/travel/travel-advice/a-z-list-of-countries//travel/travel-advice/a-z-list-of-countries/guinea/
Guinea-Bissau,https://www.dfa.ie/travel/travel-advice/a-z-list-of-countries//travel/travel-advice/a-z-list-of-countries/guinea-bissau/
Guyana,https://www.dfa.ie/travel/travel-advice/a-z-list-of-countries//travel/travel-advice/a-z-list-of-countries/guyana/
Haiti,https://www.dfa.ie/travel/travel-advice/a-z-list-of-countries//travel/travel-advice/a-z-list-of-countries/haiti/
Honduras,https://www.dfa.ie/travel/travel-advice/a-z-list-of-countries//travel/travel-advice/a-z-list-of-countries/honduras/
Hungary,https://www.dfa.ie/travel/travel-advice/a-z-list-of-countries//travel/travel-advice/a-z-list-of-countries/hungary/
Iceland,https://www.dfa.ie/travel/travel-advice/a-z-list-of-countries//travel/travel-advice/a-z-list-of-countries/iceland/
India,https://www.dfa.ie/travel/travel-advice/a-z-list-of-countries//travel/travel-advice/a-z-list-of-countries/india/
Indonesia,https://www.dfa.ie/travel/travel-advice/a-z-list-of-countries//travel/travel-advice/a-z-list-of-countries/indonesia/
Iran,https://www.dfa.ie/travel/travel-advice/a-z-list-of-countries//travel/travel-advice/a-z-list-of-countries/iran/
Iraq,https://www.dfa.ie/travel/travel-advice/a-z-list-of-countries//travel/travel-advice/a-z-list-of-countries/iraq/
Israel and the Occupied Territories,https://www.dfa.ie/travel/travel-advice/a-z-list-of-countries//travel/travel-advice/a-z-list-of-countries/israel-and-the-occupied-territories/
Italy,https://www.dfa.ie/travel/travel-advice/a-z-list-of-countries//travel/travel-advice/a-z-list-of-countries/italy/
Ivory Coast (Cote d'Ivoire),https://www.dfa.ie/travel/travel-advice/a-z-list-of-countries//travel/travel-advice/a-z-list-of-countries/ivory-coast/
Jamaica,https://www.dfa.ie/travel/travel-advice/a-z-list-of-countries//travel/travel-advice/a-z-list-of-countries/jamaica/
Japan,https://www.dfa.ie/travel/travel-advice/a-z-list-of-countries//travel/travel-advice/a-z-list-of-countries/japan/
Jordan,https://www.dfa.ie/travel/travel-advice/a-z-list-of-countries//travel/travel-advice/a-z-list-of-countries/jordan/
Kazakhstan,https://www.dfa.ie/travel/travel-advice/a-z-list-of-countries//travel/travel-advice/a-z-list-of-countries/kazakhstan/
Kenya,https://www.dfa.ie/travel/travel-advice/a-z-list-of-countries//travel/travel-advice/a-z-list-of-countries/kenya/
Kosovo,https://www.dfa.ie/travel/travel-advice/a-z-list-of-countries//travel/travel-advice/a-z-list-of-countries/kosovo/
Kuwait,https://www.dfa.ie/travel/travel-advice/a-z-list-of-countries//travel/travel-advice/a-z-list-of-countries/kuwait/
Kyrgyz Republic (Kyrgyzstan),https://www.dfa.ie/travel/travel-advice/a-z-list-of-countries//travel/travel-advice/a-z-list-of-countries/kyrgyzstan/
Laos,https://www.dfa.ie/travel/travel-advice/a-z-list-of-countries//travel/travel-advice/a-z-list-of-countries/laos/
Latvia,https://www.dfa.ie/travel/travel-advice/a-z-list-of-countries//travel/travel-advice/a-z-list-of-countries/latvia/
Lebanon,https://www.dfa.ie/travel/travel-advice/a-z-list-of-countries//travel/travel-advice/a-z-list-of-countries/lebanon/
Lesotho,https://www.dfa.ie/travel/travel-advice/a-z-list-of-countries//travel/travel-advice/a-z-list-of-countries/lesotho/
Liberia,https://www.dfa.ie/travel/travel-advice/a-z-list-of-countries//travel/travel-advice/a-z-list-of-countries/liberia/
Libya,https://www.dfa.ie/travel/travel-advice/a-z-list-of-countries//travel/travel-advice/a-z-list-of-countries/libya/
Liechtenstein,https://www.dfa.ie/travel/travel-advice/a-z-list-of-countries//travel/travel-advice/a-z-list-of-countries/liechtenstein/
Lithuania,https://www.dfa.ie/travel/travel-advice/a-z-list-of-countries//travel/travel-advice/a-z-list-of-countries/lithuania/
Luxembourg,https://www.dfa.ie/travel/travel-advice/a-z-list-of-countries//travel/travel-advice/a-z-list-of-countries/luxembourg/
Republic of Macedonia,https://www.dfa.ie/travel/travel-advice/a-z-list-of-countries//travel/travel-advice/a-z-list-of-countries/republic-of-macedonia/
Madagascar,https://www.dfa.ie/travel/travel-advice/a-z-list-of-countries//travel/travel-advice/a-z-list-of-countries/madagascar/
Malawi,https://www.dfa.ie/travel/travel-advice/a-z-list-of-countries//travel/travel-advice/a-z-list-of-countries/malawi/
Malaysia,https://www.dfa.ie/travel/travel-advice/a-z-list-of-countries//travel/travel-advice/a-z-list-of-countries/malaysia/
Maldives,https://www.dfa.ie/travel/travel-advice/a-z-list-of-countries//travel/travel-advice/a-z-list-of-countries/maldives/
Mali,https://www.dfa.ie/travel/travel-advice/a-z-list-of-countries//travel/travel-advice/a-z-list-of-countries/mali/
Malta,https://www.dfa.ie/travel/travel-advice/a-z-list-of-countries//travel/travel-advice/a-z-list-of-countries/malta/
Martinique,https://www.dfa.ie/travel/travel-advice/a-z-list-of-countries//travel/travel-advice/a-z-list-of-countries/martinique/
Mauritania,https://www.dfa.ie/travel/travel-advice/a-z-list-of-countries//travel/travel-advice/a-z-list-of-countries/mauritania/
Mauritius,https://www.dfa.ie/travel/travel-advice/a-z-list-of-countries//travel/travel-advice/a-z-list-of-countries/mauritius/
Mayotte,https://www.dfa.ie/travel/travel-advice/a-z-list-of-countries//travel/travel-advice/a-z-list-of-countries/mayotte/
Mexico,https://www.dfa.ie/travel/travel-advice/a-z-list-of-countries//travel/travel-advice/a-z-list-of-countries/mexico/
"Moldova, Republic of",https://www.dfa.ie/travel/travel-advice/a-z-list-of-countries//travel/travel-advice/a-z-list-of-countries/moldova/
Monaco,https://www.dfa.ie/travel/travel-advice/a-z-list-of-countries//travel/travel-advice/a-z-list-of-countries/monaco/
Mongolia,https://www.dfa.ie/travel/travel-advice/a-z-list-of-countries//travel/travel-advice/a-z-list-of-countries/mongolia/
Montenegro,https://www.dfa.ie/travel/travel-advice/a-z-list-of-countries//travel/travel-advice/a-z-list-of-countries/montenegro/
Montserrat,https://www.dfa.ie/travel/travel-advice/a-z-list-of-countries//travel/travel-advice/a-z-list-of-countries/montserrat/
Morocco,https://www.dfa.ie/travel/travel-advice/a-z-list-of-countries//travel/travel-advice/a-z-list-of-countries/morocco/
Mozambique,https://www.dfa.ie/travel/travel-advice/a-z-list-of-countries//travel/travel-advice/a-z-list-of-countries/mozambique/
Namibia,https://www.dfa.ie/travel/travel-advice/a-z-list-of-countries//travel/travel-advice/a-z-list-of-countries/namibia/
Nepal,https://www.dfa.ie/travel/travel-advice/a-z-list-of-countries//travel/travel-advice/a-z-list-of-countries/nepal/
Netherlands,https://www.dfa.ie/travel/travel-advice/a-z-list-of-countries//travel/travel-advice/a-z-list-of-countries/the-netherlands/
New Zealand,https://www.dfa.ie/travel/travel-advice/a-z-list-of-countries//travel/travel-advice/a-z-list-of-countries/new-zealand/
Nicaragua,https://www.dfa.ie/travel/travel-advice/a-z-list-of-countries//travel/travel-advice/a-z-list-of-countries/nicaragua/
Niger,https://www.dfa.ie/travel/travel-advice/a-z-list-of-countries//travel/travel-advice/a-z-list-of-countries/niger/
Nigeria,https://www.dfa.ie/travel/travel-advice/a-z-list-of-countries//travel/travel-advice/a-z-list-of-countries/nigeria/
"Korea, Democratic Republic of (North Korea) ",https://www.dfa.ie/travel/travel-advice/a-z-list-of-countries//travel/travel-advice/a-z-list-of-countries/democratic-republic-of-korea/
Norway,https://www.dfa.ie/travel/travel-advice/a-z-list-of-countries//travel/travel-advice/a-z-list-of-countries/norway/
Oman,https://www.dfa.ie/travel/travel-advice/a-z-list-of-countries//travel/travel-advice/a-z-list-of-countries/oman/
Pacific Islands,https://www.dfa.ie/travel/travel-advice/a-z-list-of-countries//travel/travel-advice/a-z-list-of-countries/pacific-islands/
Pakistan,https://www.dfa.ie/travel/travel-advice/a-z-list-of-countries//travel/travel-advice/a-z-list-of-countries/pakistan/
Panama,https://www.dfa.ie/travel/travel-advice/a-z-list-of-countries//travel/travel-advice/a-z-list-of-countries/panama/
Papua New Guinea,https://www.dfa.ie/travel/travel-advice/a-z-list-of-countries//travel/travel-advice/a-z-list-of-countries/papua-new-guinea/
Paraguay,https://www.dfa.ie/travel/travel-advice/a-z-list-of-countries//travel/travel-advice/a-z-list-of-countries/paraguay/
Peru,https://www.dfa.ie/travel/travel-advice/a-z-list-of-countries//travel/travel-advice/a-z-list-of-countries/peru/
Philippines,https://www.dfa.ie/travel/travel-advice/a-z-list-of-countries//travel/travel-advice/a-z-list-of-countries/the-philippines/
Poland,https://www.dfa.ie/travel/travel-advice/a-z-list-of-countries//travel/travel-advice/a-z-list-of-countries/poland/
Portugal,https://www.dfa.ie/travel/travel-advice/a-z-list-of-countries//travel/travel-advice/a-z-list-of-countries/portugal/
Puerto Rico,https://www.dfa.ie/travel/travel-advice/a-z-list-of-countries//travel/travel-advice/a-z-list-of-countries/puerto-rico/
Qatar,https://www.dfa.ie/travel/travel-advice/a-z-list-of-countries//travel/travel-advice/a-z-list-of-countries/qatar/
Reunion,https://www.dfa.ie/travel/travel-advice/a-z-list-of-countries//travel/travel-advice/a-z-list-of-countries/reunion/
Romania,https://www.dfa.ie/travel/travel-advice/a-z-list-of-countries//travel/travel-advice/a-z-list-of-countries/romania/
Russian Federation,https://www.dfa.ie/travel/travel-advice/a-z-list-of-countries//travel/travel-advice/a-z-list-of-countries/russian-federation/
Rwanda,https://www.dfa.ie/travel/travel-advice/a-z-list-of-countries//travel/travel-advice/a-z-list-of-countries/rwanda/
Saint Kitts and Nevis,https://www.dfa.ie/travel/travel-advice/a-z-list-of-countries//travel/travel-advice/a-z-list-of-countries/saint-kitts-and-nevis/
Saint Lucia,https://www.dfa.ie/travel/travel-advice/a-z-list-of-countries//travel/travel-advice/a-z-list-of-countries/saint-lucia/
Saint Vincent's & Grenadines,https://www.dfa.ie/travel/travel-advice/a-z-list-of-countries//travel/travel-advice/a-z-list-of-countries/saint-vincents-and-grenadines/
Samoa,https://www.dfa.ie/travel/travel-advice/a-z-list-of-countries//travel/travel-advice/a-z-list-of-countries/samoa/
Sao Tome and Principe,https://www.dfa.ie/travel/travel-advice/a-z-list-of-countries//travel/travel-advice/a-z-list-of-countries/sao-tome-and-principe/
Saudi Arabia,https://www.dfa.ie/travel/travel-advice/a-z-list-of-countries//travel/travel-advice/a-z-list-of-countries/saudi-arabia/
Senegal,https://www.dfa.ie/travel/travel-advice/a-z-list-of-countries//travel/travel-advice/a-z-list-of-countries/senegal/
Serbia,https://www.dfa.ie/travel/travel-advice/a-z-list-of-countries//travel/travel-advice/a-z-list-of-countries/serbia/
Seychelles,https://www.dfa.ie/travel/travel-advice/a-z-list-of-countries//travel/travel-advice/a-z-list-of-countries/seychelles/
Sierra Leone,https://www.dfa.ie/travel/travel-advice/a-z-list-of-countries//travel/travel-advice/a-z-list-of-countries/sierra-leone/
Singapore,https://www.dfa.ie/travel/travel-advice/a-z-list-of-countries//travel/travel-advice/a-z-list-of-countries/singapore/
Slovak Republic (Slovakia),https://www.dfa.ie/travel/travel-advice/a-z-list-of-countries//travel/travel-advice/a-z-list-of-countries/slovakia/
Slovenia,https://www.dfa.ie/travel/travel-advice/a-z-list-of-countries//travel/travel-advice/a-z-list-of-countries/slovenia/
Solomon Islands,https://www.dfa.ie/travel/travel-advice/a-z-list-of-countries//travel/travel-advice/a-z-list-of-countries/solomon-islands/
Somalia,https://www.dfa.ie/travel/travel-advice/a-z-list-of-countries//travel/travel-advice/a-z-list-of-countries/somalia/
South Africa,https://www.dfa.ie/travel/travel-advice/a-z-list-of-countries//travel/travel-advice/a-z-list-of-countries/south-africa/
"Korea, Republic of (South Korea)",https://www.dfa.ie/travel/travel-advice/a-z-list-of-countries//travel/travel-advice/a-z-list-of-countries/republic-of-korea/
South Sudan,https://www.dfa.ie/travel/travel-advice/a-z-list-of-countries//travel/travel-advice/a-z-list-of-countries/south-sudan/
Spain,https://www.dfa.ie/travel/travel-advice/a-z-list-of-countries//travel/travel-advice/a-z-list-of-countries/spain/
Sri Lanka,https://www.dfa.ie/travel/travel-advice/a-z-list-of-countries//travel/travel-advice/a-z-list-of-countries/sri-lanka/
Sudan,https://www.dfa.ie/travel/travel-advice/a-z-list-of-countries//travel/travel-advice/a-z-list-of-countries/sudan/
Suriname,https://www.dfa.ie/travel/travel-advice/a-z-list-of-countries//travel/travel-advice/a-z-list-of-countries/suriname/
Swaziland,https://www.dfa.ie/travel/travel-advice/a-z-list-of-countries//travel/travel-advice/a-z-list-of-countries/swaziland/
Sweden,https://www.dfa.ie/travel/travel-advice/a-z-list-of-countries//travel/travel-advice/a-z-list-of-countries/sweden/
Switzerland,https://www.dfa.ie/travel/travel-advice/a-z-list-of-countries//travel/travel-advice/a-z-list-of-countries/switzerland/
Syria,https://www.dfa.ie/travel/travel-advice/a-z-list-of-countries//travel/travel-advice/a-z-list-of-countries/syria/
Tajikistan,https://www.dfa.ie/travel/travel-advice/a-z-list-of-countries//travel/travel-advice/a-z-list-of-countries/tajikistan/
Tanzania,https://www.dfa.ie/travel/travel-advice/a-z-list-of-countries//travel/travel-advice/a-z-list-of-countries/tanzania/
Thailand,https://www.dfa.ie/travel/travel-advice/a-z-list-of-countries//travel/travel-advice/a-z-list-of-countries/thailand/
Timor Leste,https://www.dfa.ie/travel/travel-advice/a-z-list-of-countries//travel/travel-advice/a-z-list-of-countries/timor-leste/
Togo,https://www.dfa.ie/travel/travel-advice/a-z-list-of-countries//travel/travel-advice/a-z-list-of-countries/togo/
Trinidad & Tobago,https://www.dfa.ie/travel/travel-advice/a-z-list-of-countries//travel/travel-advice/a-z-list-of-countries/trinidad-and-tobago/
Tunisia,https://www.dfa.ie/travel/travel-advice/a-z-list-of-countries//travel/travel-advice/a-z-list-of-countries/tunisia/
Turkey,https://www.dfa.ie/travel/travel-advice/a-z-list-of-countries//travel/travel-advice/a-z-list-of-countries/turkey/
Turkmenistan,https://www.dfa.ie/travel/travel-advice/a-z-list-of-countries//travel/travel-advice/a-z-list-of-countries/turkmenistan/
Turks & Caicos Islands,https://www.dfa.ie/travel/travel-advice/a-z-list-of-countries//travel/travel-advice/a-z-list-of-countries/turks-and-caicos-islands/
Uganda,https://www.dfa.ie/travel/travel-advice/a-z-list-of-countries//travel/travel-advice/a-z-list-of-countries/uganda/
Ukraine,https://www.dfa.ie/travel/travel-advice/a-z-list-of-countries//travel/travel-advice/a-z-list-of-countries/ukraine/
United Arab Emirates,https://www.dfa.ie/travel/travel-advice/a-z-list-of-countries//travel/travel-advice/a-z-list-of-countries/united-arab-emirates/
United States of America (USA),https://www.dfa.ie/travel/travel-advice/a-z-list-of-countries//travel/travel-advice/a-z-list-of-countries/united-states-of-america/
Uruguay,https://www.dfa.ie/travel/travel-advice/a-z-list-of-countries//travel/travel-advice/a-z-list-of-countries/uruguay/
Uzbekistan,https://www.dfa.ie/travel/travel-advice/a-z-list-of-countries//travel/travel-advice/a-z-list-of-countries/uzbekistan/
Venezuela,https://www.dfa.ie/travel/travel-advice/a-z-list-of-countries//travel/travel-advice/a-z-list-of-countries/venezuela/
Vietnam,https://www.dfa.ie/travel/travel-advice/a-z-list-of-countries//travel/travel-advice/a-z-list-of-countries/vietnam/
Virgin Islands (UK),https://www.dfa.ie/travel/travel-advice/a-z-list-of-countries//travel/travel-advice/a-z-list-of-countries/virgin-islands-uk/
Virgin Islands (US),https://www.dfa.ie/travel/travel-advice/a-z-list-of-countries//travel/travel-advice/a-z-list-of-countries/virgin-islands-us/
Yemen,https://www.dfa.ie/travel/travel-advice/a-z-list-of-countries//travel/travel-advice/a-z-list-of-countries/yemen/
Zambia,https://www.dfa.ie/travel/travel-advice/a-z-list-of-countries//travel/travel-advice/a-z-list-of-countries/zambia/
Zimbabwe,https://www.dfa.ie/travel/travel-advice/a-z-list-of-countries//travel/travel-advice/a-z-list-of-countries/zimbabwe/
